{"cameraMode":{"drawMode":0,"name":"Shaded","section":"Shading Mode"},"sceneLighting":true,"audioPlay":false,"sceneViewState":{"m_AlwaysRefresh":false,"showFog":true,"showSkybox":true,"showFlares":true,"showImageEffects":true,"showParticleSystems":true,"showVisualEffectGraphs":true,"m_FxEnabled":true},"in2DMode":false,"pivot":{"x":-16.462961196899415,"y":13.305842399597168,"z":13.269886016845704},"rotation":{"x":-0.03744549676775932,"y":0.9571415781974793,"z":-0.24828645586967469,"w":-0.1443660855293274},"size":0.8660253882408142,"orthographic":false}