{"cameraMode":{"drawMode":0,"name":"Shaded","section":"Shading Mode"},"sceneLighting":true,"audioPlay":false,"sceneViewState":{"m_AlwaysRefresh":false,"showFog":true,"showSkybox":true,"showFlares":true,"showImageEffects":true,"showParticleSystems":true,"showVisualEffectGraphs":true,"m_FxEnabled":true},"in2DMode":false,"pivot":{"x":0.40952587127685549,"y":0.3824029564857483,"z":0.0204046368598938},"rotation":{"x":0.09164101630449295,"y":0.8167421817779541,"z":-0.13546329736709596,"w":0.5531709790229797},"size":1.423972249031067,"orthographic":false}