{"cameraMode":{"drawMode":0,"name":"Shaded","section":"Shading Mode"},"sceneLighting":false,"audioPlay":false,"sceneViewState":{"m_AlwaysRefresh":false,"showFog":true,"showSkybox":false,"showFlares":true,"showImageEffects":true,"showParticleSystems":true,"showVisualEffectGraphs":true,"m_FxEnabled":true},"in2DMode":false,"pivot":{"x":1.5503342151641846,"y":1.0675126314163209,"z":0.5177810788154602},"rotation":{"x":0.2354223132133484,"y":-0.6805699467658997,"z":0.24708004295825959,"w":0.6482503414154053},"size":0.1658313125371933,"orthographic":false}